purchase_id,name,email,country,product,price,payment_method,timestamp,address,phone
1,Gary Hendrix,jennifer77@castillo.biz,Austria,Nothing,183.9,Credit Card,2025-09-20 19:38:11,"2576 Lee Trafficway Apt. 635, Andrewmouth, ND 12016",+1-582-336-5796
2,Randy Wells,hillsharon@romero.com,Italy,Mrs,324.82,Credit Card,2025-06-11 19:22:05,"77563 Mary Radial, Judithton, GA 08220",600-810-3401x84587
3,Monica Clark,heatherbarnett@gmail.com,Central African Republic,Ready,162.77,UPI,2024-10-22 08:38:42,"4897 Susan Lodge, Lake Tylermouth, WA 25405",073-708-9294x54913
4,Amy Horne DVM,rebeccahill@gmail.com,Mayotte,Get,253.15,Net Banking,2024-11-07 17:49:56,"85109 Neil Summit, Dennisfort, MI 93708",712-315-7904x174
5,Melissa Alvarez,franklinsally@jones-clark.com,Rwanda,Piece,44.14,Credit Card,2024-04-12 05:24:24,"698 Hunter Neck, Leefurt, NV 45930",081-312-7511x0273
6,Alexander Davis,kristydowns@mitchell-lopez.com,Tuvalu,Training,426.95,Credit Card,2024-07-21 22:42:25,"PSC 1934, Box 8133, APO AP 48192",001-727-009-0221x386
7,Richard Tate,rmichael@mccoy.biz,Malaysia,Matter,110.27,UPI,2025-11-09 02:43:00,"99821 Weiss Ports, Arianaland, MS 61639",(547)173-6163x6597
8,Rickey Marshall,darlene28@gmail.com,Benin,Nation,153.15,UPI,2025-06-09 11:44:46,"13348 West Trail, Kelseyville, OH 67220",+1-463-334-1491x203
9,Adam Roberts,katherine63@hotmail.com,Estonia,Build,314.33,Credit Card,2025-09-01 21:44:40,"08770 Holmes Orchard Apt. 755, Port Toddmouth, AL 83934",001-124-728-8485x659
10,Dustin Hull,keithharris@gmail.com,Equatorial Guinea,Education,88.85,Credit Card,2024-09-20 02:47:23,"564 Suzanne Summit, Housebury, MI 16258",+1-719-262-6672
11,Timothy Charles,noah52@sanchez.com,New Zealand,Life,453.23,Net Banking,2024-01-16 04:42:43,"Unit 9489 Box 9681, DPO AE 51958",001-758-328-7683x78241
12,Ashley Williams,lambertandrew@hotmail.com,Tokelau,Off,497.58,PayPal,2025-04-20 01:28:33,"02405 Smith Highway, Youngland, OK 80546",(841)671-8123
13,Rebecca Myers,williamseric@yahoo.com,Bouvet Island (Bouvetoya),Outside,333.77,Debit Card,2025-08-08 14:56:07,"883 Priscilla Plaza Apt. 804, Traceyfort, WI 46602",(458)129-1054x3403
14,Mark Moore,pauljohnson@smith-white.com,Singapore,Bill,123.08,Credit Card,2025-02-27 14:24:08,"7547 Henry Prairie Apt. 467, New Sharonburgh, AR 56689",(118)844-4052x80081
15,Crystal Patterson,patricia70@hotmail.com,Mauritius,So,19.13,PayPal,2025-06-12 15:43:24,"061 Jones Terrace, Nelsonborough, WY 25075",871-326-3371x055
16,Joseph Savage,xwhite@gmail.com,Sweden,One,287.92,Credit Card,2025-03-15 04:17:17,"8691 Gary Plains Apt. 761, South Sharon, IL 63598",(670)697-4270x78419
17,Stacey Choi,annaheath@rivera.com,Madagascar,Politics,472.66,Net Banking,2024-07-11 08:03:56,"67553 Joshua Mission, Port Tiffany, PA 51921",001-093-168-1474x5959
18,Renee Wade,amandagreer@hotmail.com,American Samoa,Better,313.86,PayPal,2025-02-10 12:13:25,"4632 Dean Highway Apt. 202, Bateshaven, NC 70450",098.657.3342x6793
19,Scott Rush,mariajenkins@hotmail.com,Gambia,First,350.26,Credit Card,2025-08-28 02:25:10,"58157 Francis Walk, West Daniel, OK 26833",854.168.5980x33586
20,Carly Lewis,jerryschneider@mayer-holmes.com,India,Kind,333.14,UPI,2025-01-30 16:22:45,"PSC 9984, Box 1122, APO AP 04362",331.887.2909
21,Curtis Hernandez,markmacdonald@gmail.com,Georgia,Chair,101.2,Net Banking,2024-10-01 17:06:10,"941 Wilcox Extension Suite 845, Lisaburgh, DC 85563",9440071472
22,Brendan Garcia,lisagray@gmail.com,Italy,Thus,384.22,Net Banking,2025-09-30 22:05:22,"910 Scott Court, Deniseborough, OK 82844",657.121.6707x5157
23,Reginald Hamilton,keithgarcia@mendoza.com,Antigua and Barbuda,Least,188.06,Debit Card,2024-01-19 11:47:21,"318 James Ports Suite 431, East David, WI 34722",001-588-198-9712x545
24,Keith Murray,matthew93@liu-young.com,Hungary,What,101.18,UPI,2024-12-01 21:36:59,"40449 Brewer Ridge Apt. 266, East Christopher, CO 02373",052.723.4326x6647
25,Michael Fletcher,zbentley@yahoo.com,Haiti,Oil,470.15,Credit Card,2025-05-20 16:41:30,"3037 Carey Union, Brownbury, OR 40276",718.414.2555x019
26,Darlene Gordon,lopezmonica@yahoo.com,Taiwan,Special,450.39,PayPal,2025-10-24 04:16:14,"11168 Lee Fords Suite 251, Jeffersonchester, MN 25401",1614449427
27,Devin Collins,mckayjessica@snow.com,Philippines,Question,155.07,Credit Card,2024-06-16 14:57:09,"66462 Erica Lights, Samuelside, OK 86534",(443)400-5426
28,Robin Solis,david52@hotmail.com,Korea,Test,67.27,UPI,2025-08-28 21:45:00,"357 Flores Roads, North Bradleyside, KS 45897",087.289.6512x4136
29,Brent Yu,ginaellis@baker.biz,Malta,Know,215.5,UPI,2024-12-18 12:29:21,"982 Diana Skyway Suite 779, Davisside, GA 78229",067-172-5329x1851
30,Shari Douglas,dblair@rogers-lee.info,Mozambique,Impact,128.23,Credit Card,2024-02-14 03:43:41,"5374 Sharon Ridge, Anthonyville, IL 05349",376.980.4404
31,Christopher Barker,brent03@hotmail.com,Saint Vincent and the Grenadines,Traditional,51.91,PayPal,2025-05-17 14:24:09,"155 Oscar Spring, South Oscar, GA 64111",+1-355-510-4983x9556
32,Steven Mendoza,yyates@mccormick.com,Netherlands Antilles,Week,484.95,PayPal,2025-08-30 04:07:24,"899 Hannah Tunnel, New Taylorview, GA 68113",7827867376
33,Seth Alvarez,johnny82@flores.com,British Virgin Islands,Chair,62.19,Net Banking,2024-03-08 18:52:14,"51145 Bowers Flat Suite 620, Trujillostad, VT 36845",(131)734-7628x1888
34,Anna Bowen,charles92@martinez-reeves.com,Tunisia,Hear,106.71,Debit Card,2024-09-28 06:16:25,"Unit 8286 Box 8721, DPO AP 84765",277-732-7807x330
35,Christopher James,brownjustin@valencia-jones.com,Nicaragua,Staff,164.08,PayPal,2024-09-03 10:56:19,"7747 Brennan Lakes, East Stevenside, VT 02225",+1-615-207-8558x2214
36,Taylor Burton,ptaylor@yahoo.com,Holy See (Vatican City State),Often,421.8,PayPal,2024-11-14 17:31:22,"481 Mary River Apt. 549, Bernardfort, MD 41173",918-970-8121x3822
37,Lisa Wallace,yangmatthew@gamble.biz,Tajikistan,With,426.49,Credit Card,2025-05-07 11:00:01,"06118 Reese Stravenue Apt. 522, Edwinberg, GA 40515",542.527.6153x53912
38,Destiny Gates,spaul@herrera.info,Mauritius,Say,113.48,UPI,2025-02-12 03:21:43,"0519 Fox Prairie, Robertstad, MN 41380",758.126.2095
39,Alexandra Graham,lammaria@bass.biz,Egypt,Stuff,427.8,Debit Card,2024-02-06 17:44:20,"61526 Smith Lake, North Elijahside, SC 43130",(898)645-7057
40,Nathan Peck,haleyjane@yahoo.com,Iraq,Move,163.61,PayPal,2025-09-07 20:17:20,"9452 Brian Springs Suite 276, Davidborough, MN 69540",+1-751-907-9356
41,Jay Riley,uowens@stewart.net,Greece,Time,322.07,PayPal,2024-07-01 20:25:06,"4551 Jacobs Groves Apt. 359, Faulknerhaven, MO 69853",001-870-170-0065
42,Shane Cantrell,huntrenee@harris-watson.com,Congo,Song,91.43,Net Banking,2025-01-27 00:53:57,"87977 Stacey Drive, Lake Brian, ME 38308",(493)639-0610
43,Lynn Jackson,vdecker@wade-knight.com,Saint Kitts and Nevis,Budget,275.54,PayPal,2024-11-19 13:53:45,"Unit 9141 Box 7386, DPO AA 63828",+1-213-487-3993
44,Jeffrey Mcintyre,robertpoole@hernandez-morrison.com,Tonga,Interview,301.42,PayPal,2025-08-30 09:43:33,"572 Kylie Locks, Lake Gary, VA 85398",001-161-535-5313x0383
45,Casey Hill,nkelly@gmail.com,Somalia,Next,200.24,Debit Card,2024-10-27 01:29:42,"1036 Christopher Pass Suite 926, South Michellefort, GA 24501",632-792-5438
46,Robert Gomez,jakecook@long.com,Senegal,Give,95.91,Credit Card,2023-12-08 16:51:32,"2748 Gina Light, Tonyamouth, DE 63293",958.892.8155
47,Jon Perez,ddavis@yahoo.com,Indonesia,Black,333.01,Debit Card,2024-01-15 16:57:58,"83117 Reid Field Suite 304, Tinaview, DC 59298",(755)989-7226
48,Judy Myers,michaelthomas@wise.com,Denmark,Develop,104.38,UPI,2024-10-18 12:55:53,"587 Cory Hills Apt. 199, Samuelville, TX 43098",001-719-774-4523
49,Samantha Davis,tanya42@gmail.com,Bhutan,Bill,397.13,Net Banking,2024-07-05 19:00:21,"301 Elliott Mountain, East Adrianfurt, ME 61367",1872491595
50,Daniel Meyers,patriciabrooks@alvarez-ellis.com,United States Virgin Islands,Page,483.75,PayPal,2024-03-17 07:56:36,"55831 Laura Lake Suite 319, Kayleefort, WI 38120",(294)910-9061x38395
51,Sheila Martin,hartshelly@hotmail.com,Uganda,Thing,127.91,PayPal,2025-02-23 18:40:25,"746 Thomas Plaza, North Nancychester, NH 18394",005.189.7849x550
52,Melissa Morgan,wendy27@yahoo.com,Guadeloupe,Story,40.46,PayPal,2024-05-20 15:07:49,"USNS Bennett, FPO AE 87049",6472079373
53,Mary Chase,charlene49@parker.net,Greece,Garden,349.51,Net Banking,2024-10-09 16:28:50,"621 Kari Fork Suite 938, Lake Beth, NJ 88317",4528848897
54,Autumn Mccall,dennisblevins@gmail.com,Turkmenistan,Sometimes,311.44,Debit Card,2024-09-11 08:58:10,"PSC 4553, Box 1838, APO AA 56681",495-835-7873x70463
55,Rebecca Walker,smithanna@bennett-williams.biz,Heard Island and McDonald Islands,That,226.12,Credit Card,2024-10-08 14:29:56,"78660 Walton Summit Apt. 870, North Deborahborough, TX 97419",876-502-3179
56,Colleen Price,thomasnoble@gmail.com,Guernsey,Language,91.57,Credit Card,2024-05-27 12:17:48,"22421 Black Isle, Christophermouth, MO 12586",001-791-085-2493x36293
57,Jasmine Green,mcdonaldnicholas@shaw.com,Reunion,However,49.28,PayPal,2024-06-08 01:21:33,"481 Lisa Wells Apt. 081, New Rhonda, AK 47105",436-426-3535
58,Vanessa Ramsey,dtaylor@yahoo.com,Guyana,Theory,41.74,PayPal,2024-11-03 03:14:29,"767 Tiffany Meadows, Hartside, MI 49331",(083)492-8111
59,Shaun Rogers,lewiscourtney@fleming.com,Central African Republic,Arrive,173.27,PayPal,2024-08-26 12:25:52,"45168 Williams Glen Apt. 711, Priceshire, KS 88766",(255)852-1323
60,Kathryn Farrell,kelleyrebecca@king.biz,Kyrgyz Republic,Safe,457.7,Net Banking,2024-01-25 23:17:39,"88989 Stewart Trace, Carterburgh, NJ 56488",(813)097-5473
61,Blake Wiggins,christophercampos@becker-gardner.com,Grenada,Pattern,309.55,PayPal,2025-02-21 23:39:48,"Unit 1681 Box 3241, DPO AP 80911",001-268-477-5924x01959
62,Michele Miller,taylor52@love.com,Anguilla,Better,371.42,Debit Card,2024-03-25 08:05:00,"9686 Tran Place, Lake Michelefurt, NH 61037",(537)832-4660x176
63,George Figueroa,xpierce@yahoo.com,Ireland,Next,28.92,PayPal,2025-04-28 22:19:16,"28569 Welch Lane, West Jennifer, SC 93277",9111369549
64,Charles Dickerson,henrymartinez@neal.net,Thailand,Ago,50.73,PayPal,2024-06-30 22:57:06,"725 Melissa Field, North Cynthiaside, PA 52717",(030)155-7095
65,Jeffery Howard,thunter@hotmail.com,Jordan,Figure,68.1,Credit Card,2024-04-11 06:56:37,"80798 Frances Keys Apt. 401, West Leonardburgh, HI 52615",+1-594-344-8548x15235
66,Mary Hall,herreraamy@gmail.com,Armenia,Activity,347.56,Debit Card,2023-12-05 00:22:27,"40013 Burton Expressway Suite 363, Georgeburgh, ID 94602",(057)267-8229
67,Randy Suarez,vbolton@potts.com,Saint Helena,Religious,14.81,Debit Card,2024-12-04 21:22:48,"6747 Jennifer Extension, Nielsenbury, ID 35867",(623)228-5394
68,Paul Gordon,stevensbryan@yahoo.com,Switzerland,From,323.8,PayPal,2024-01-10 11:28:44,"802 Lucero Station Suite 358, Caseyberg, SC 89418",001-223-877-1177x495
69,Holly Bryan,samanthahudson@adams.biz,Haiti,Be,460.87,Net Banking,2024-02-21 10:14:54,"6520 Jensen Bypass Apt. 878, Collinsshire, NC 36483",001-974-562-1505x0648
70,Albert Mccoy,swatson@yahoo.com,British Virgin Islands,Cultural,211.7,Net Banking,2025-07-17 11:43:59,"6889 Kristen Branch, Port Alyssa, DC 70214",828-167-5352
71,Christopher Richards,bryan24@olson.com,Taiwan,Herself,41.03,Credit Card,2024-11-24 04:37:17,"38179 Harrison Valleys, Melissabury, MS 98678",001-210-404-4994
72,Shawn Clark,lorraine19@gonzalez.com,Somalia,Shoulder,104.59,Net Banking,2024-12-03 22:33:33,"5326 Jason Corner Suite 346, Daveburgh, WY 05444",997.221.2542x097
73,Heidi Hobbs,codyknox@liu.com,Gabon,City,287.65,PayPal,2024-10-19 15:47:34,"PSC 9258, Box 2123, APO AA 18240",(898)995-3402x331
74,Erin Brown,briancook@yahoo.com,Morocco,Long,113.07,Net Banking,2024-09-14 17:42:35,"00517 Kidd Glens Apt. 101, Rickyfurt, WV 85959",990.444.8352x21845
75,Gregory Walker,brucewhite@yahoo.com,Togo,Ready,182.29,Credit Card,2025-03-08 00:06:15,"464 Porter Lights Suite 149, Lake Amy, MD 17935",706-927-6937
76,John Horn,coxholly@hotmail.com,Bulgaria,Type,253.71,Net Banking,2025-10-01 06:30:17,"81804 Sellers Coves Apt. 672, Thomasmouth, UT 32985",5385042552
77,Blake Gordon,carrollharold@vazquez.com,South Africa,Senior,194.69,Credit Card,2024-09-27 15:20:36,"59207 Nielsen Trace Apt. 626, New Timothyfurt, CA 05409",086-066-8457x17644
78,Jacob Moss,jamessusan@hotmail.com,Brunei Darussalam,Seven,453.95,Debit Card,2025-02-17 08:28:27,"Unit 7409 Box 4145, DPO AP 45856",001-792-158-0374x99347
79,Tina Burke,peter83@hotmail.com,Libyan Arab Jamahiriya,Less,346.22,PayPal,2024-02-23 20:08:35,"0681 Cook Cliffs, West Matthew, SD 18927",173.081.1433x9491
80,Karen Garcia,arodriguez@hotmail.com,Sweden,Authority,452.14,Credit Card,2024-09-22 11:02:32,"68447 Sarah Cliff Apt. 179, Melanieburgh, MN 34916",827-532-3373
81,Amber Wolfe,csims@yahoo.com,Turkey,Machine,303.72,Credit Card,2025-06-24 00:05:18,"065 Alexander Loaf Suite 201, Patriciastad, VA 13123",001-474-762-3114x069
82,Oscar Washington,stevensdavid@beltran.com,India,Effort,221.62,UPI,2024-02-22 10:03:28,"3582 Crystal Camp, South Kevinmouth, MN 51511",108.163.5057x6748
83,Gary Anderson,jennifer10@gmail.com,Korea,Minute,259.27,UPI,2025-10-31 10:48:02,"230 Kevin Roads Suite 158, Michaelbury, NM 99752",3222287748
84,Margaret Alexander,kathy29@pugh.info,Djibouti,Dinner,305.09,UPI,2025-06-21 04:41:46,"405 Hayes Locks, Christopherchester, NV 27345",055-518-9345x434
85,Carol Richardson,revans@norton-romero.org,Slovakia (Slovak Republic),Worry,264.4,UPI,2024-09-13 04:54:41,"5635 Jared Road, Henrychester, OK 85352",619-929-1508x410
86,Jose Anderson,destinyduke@sandoval-torres.com,Hong Kong,Class,426.63,Credit Card,2025-06-11 01:17:48,"8934 Williams Walk Suite 657, Farrellborough, NV 17924",443.656.4327x303
87,Stacey Brown,clarkstacey@gmail.com,French Guiana,Full,183.5,PayPal,2025-11-09 10:55:05,"890 Smith Tunnel, Port Davidside, NV 71926",688-508-2551
88,Deborah Finley,wward@hansen.org,Holy See (Vatican City State),Individual,120.69,Credit Card,2025-01-03 21:52:36,"29443 French Oval, Duncanton, IN 10864",+1-738-225-4723x64738
89,Brooke Aguilar,grimeschase@gmail.com,Nigeria,Employee,442.06,UPI,2025-09-21 15:48:26,"601 Giles Gardens, Dustinland, TX 78665",001-071-132-8849x24132
90,Robert Kim,grantkevin@patton.com,Korea,Operation,291.65,Net Banking,2024-04-15 15:04:07,"693 Chavez Throughway, Michaelville, SC 04316",727.924.6252x80625
91,Michael Scott,xschultz@jackson-newman.com,Kenya,Land,452.05,UPI,2025-08-24 06:52:44,"0911 Weeks Junctions Apt. 809, Markside, AL 73345",802.724.2490
92,Stephanie Tanner,fishersarah@hotmail.com,Brunei Darussalam,Amount,126.44,PayPal,2024-02-23 06:53:03,"31833 Rebecca Shoal Apt. 130, New Travisville, ND 51344",(943)618-0781x35350
93,Julia Randolph,jessewatkins@yahoo.com,Canada,Home,58.61,UPI,2025-08-31 22:02:34,"03179 Eric Common, Mitchellside, NJ 65582",001-247-078-2123x56262
94,Rebecca Allen,cwest@shah-bell.com,Thailand,Town,15.42,Credit Card,2025-01-19 04:19:56,"7402 Michael Crossroad, Smithfurt, WY 15343",+1-433-548-6561
95,Tiffany Norris,curtispaige@steele.com,Ukraine,Simply,284.73,Net Banking,2024-02-09 08:49:31,"34742 Anderson Landing, New Samantha, RI 70837",237-123-9046x5674
96,Mr. Tony Barnes DVM,gjones@yahoo.com,Bahamas,Even,281.11,Credit Card,2025-08-15 06:16:41,"245 Rachel Mountains Apt. 289, Christinamouth, MI 64917",317-658-9905x088
97,Miss Ashley Wolf DDS,melissamarshall@hotmail.com,Holy See (Vatican City State),Political,289.77,Credit Card,2025-03-23 02:56:41,"98578 Mindy Rapid, Walkerville, AR 37689",(297)019-7664
98,Amy Mccarty,randy10@johnston-graham.com,Greece,Agreement,413.51,Net Banking,2024-10-25 19:54:31,"1091 Fleming Canyon Suite 201, Brianhaven, NC 01892",486-356-0249
99,Christopher Shah,gramirez@gmail.com,Madagascar,Order,96.63,Net Banking,2024-03-08 21:47:30,"323 Thompson Common, Lake Chelsey, TN 49024",001-462-670-5411x639
100,Jennifer Reed,melanie33@garcia.com,New Zealand,Indicate,401.94,Net Banking,2024-07-30 23:18:04,"3906 Danielle Street, Martinburgh, AR 21400",(376)915-3598x8799
101,Stacy Trujillo,cramirez@hotmail.com,Russian Federation,Along,458.73,Net Banking,2024-06-13 06:39:23,"150 Roberts Rapid Apt. 829, West Kimberlyton, DE 10387",(327)538-4156x436
102,Kristen Lee,jessicasmith@hotmail.com,Senegal,Throw,321.03,Debit Card,2024-09-17 03:47:54,"Unit 6323 Box 3152, DPO AE 93444",627.865.4346x5415
103,Julie Patton,dyoung@wolfe-simmons.org,Gibraltar,Provide,203.17,UPI,2024-06-19 18:30:26,"33946 Kenneth Rest Apt. 627, Port Suzanne, MN 63795",(758)108-5379x149
104,Charles Dickerson,benjaminbaker@burns.com,Botswana,Fill,449.97,Debit Card,2024-05-20 22:24:09,"91827 Coleman Centers, East Alyssa, RI 33913",315-271-0166
105,Robert Ellis,rebeccabrown@yahoo.com,Guam,Today,423.86,PayPal,2024-12-30 15:17:20,"215 Greg Pines Suite 064, West George, GA 09691",+1-022-123-3966x87157
106,Travis Mccann,brooke03@yahoo.com,Costa Rica,Imagine,377.88,UPI,2025-05-09 05:29:18,"3866 Walker Roads Apt. 691, Biancastad, KS 11657",858.309.2274
107,Michelle Gonzalez,lanebeverly@johnson.info,Brunei Darussalam,Husband,477.18,Net Banking,2024-01-18 23:41:25,"1335 Bennett Summit Suite 287, South Marisa, WV 21355",796.857.1851x82411
108,Todd Frey,bpineda@gardner.biz,Northern Mariana Islands,Again,252.6,Net Banking,2025-08-24 11:12:47,"4830 Jones Canyon, West Frank, CA 08079",176.669.5338x180
109,Gregory Manning,victoria05@jones.info,New Caledonia,Growth,488.25,Credit Card,2025-01-12 20:48:15,"50487 Sharon Ville Suite 138, Julietown, UT 54923",(517)725-2815x2626
110,Nicole Spears,pearsontiffany@gmail.com,Djibouti,Movie,233.34,Debit Card,2025-08-04 14:08:49,"1834 Shannon Prairie Apt. 877, South Justinberg, IN 27164",+1-694-539-2599x67477
111,Sarah Mata,shane86@schmidt.com,Belize,Here,69.17,Credit Card,2025-07-24 02:50:09,"444 Smith Port Apt. 794, Lake Harold, SD 36319",(968)016-6547
112,Rebekah Mendez,potterchristopher@martin-valencia.com,Martinique,Two,488.76,PayPal,2024-06-29 17:22:35,"USS Wood, FPO AE 40509",001-384-551-8750x670
113,Stephen Becker,patriciajohnson@galvan.com,Niue,Management,485.98,Credit Card,2025-05-27 00:08:07,"276 Sanchez Fort, Spencermouth, IA 84238",138.122.3260x26047
114,Casey Shepherd,anna22@martinez.info,Belarus,Wide,478.03,Credit Card,2024-05-25 21:18:59,"113 Rodriguez Creek Suite 355, West Dalton, WV 20688",+1-342-603-3848x264
115,Michelle Pruitt,hernandezbrian@vargas-harrison.com,United States of America,Build,322.27,PayPal,2024-07-17 23:07:01,"922 Rebekah Corners Suite 047, Thomasland, MN 64287",(302)566-9655x81865
116,Kristen Houston,samuel57@yahoo.com,Gambia,Read,320.38,UPI,2025-02-10 00:09:29,"74408 Hood Mill Suite 419, Jonesmouth, CA 15829",001-600-214-4462x1158
117,Jeanette Barker,keithfleming@davis-sheppard.com,Greenland,Pick,45.78,Credit Card,2025-06-17 14:36:48,"132 Pena Throughway Apt. 593, East Michelle, AK 53165",826.675.9280
118,Joseph Wood,rodgersseth@hotmail.com,United States Virgin Islands,Enjoy,285.25,UPI,2024-06-21 15:11:32,"88385 Shawn Point Suite 580, Lake Tiffanyfort, OR 39737",1313286156
119,Michael Turner,mossjoseph@nichols.com,Moldova,Organization,183.38,Credit Card,2025-01-16 22:00:49,"8377 Alexandra Road Suite 303, Johnsonbury, WA 74624",468.291.9703x855
120,William Shah,jeffreymoore@hotmail.com,Burundi,Film,292.77,Debit Card,2024-09-28 15:49:31,"0750 Miller Fords, South Daniellemouth, MT 39143",(991)927-8036
121,Laura White,ucamacho@gmail.com,Mayotte,Wind,170.53,Net Banking,2025-07-16 07:08:39,"48385 Joyce Greens, Laurenville, DC 00932",663-343-5270x12859
122,Casey Brown,mary64@miles-payne.com,Sri Lanka,Step,281.12,Credit Card,2025-02-24 19:01:11,"651 David Ramp Suite 702, Mccluretown, SD 78435",001-235-773-6107
123,Jessica Harris,kimberly35@williams.com,Peru,Stuff,408.05,Credit Card,2025-10-12 22:55:39,"32380 Nicholas Pass, South Derek, OR 68244",226-798-1819
124,Jessica Thompson,holly95@hotmail.com,Northern Mariana Islands,Then,467.67,Debit Card,2025-03-07 22:54:33,"708 Lisa Radial Suite 751, Audreychester, VT 93572",001-786-665-6213x7957
125,Joseph Wilson,joseph14@schmidt-leon.com,China,Computer,52.67,PayPal,2024-06-15 16:59:59,"9726 Wright Skyway, Madisonborough, ID 18674",+1-431-229-7996
126,Mark Ramirez,kellerhaley@gmail.com,Bhutan,Office,229.98,PayPal,2024-09-18 02:14:51,"952 White Mountains, Youngshire, HI 34768",3641857631
127,Charles Fuller,cpittman@barr-choi.com,Finland,Door,66.16,PayPal,2024-01-16 20:06:37,"9726 Barber Lights Suite 667, Barronhaven, IN 57391",158.437.4503x18821
128,Bethany Caldwell,anitarobinson@gmail.com,Germany,Term,251.93,PayPal,2025-03-13 09:19:11,"USCGC Watkins, FPO AE 50054",600.614.2688
129,Zachary Thompson,jacqueline14@hotmail.com,Sweden,Although,33.25,Debit Card,2025-02-21 10:40:47,"920 Brian Flats, Matthewsville, KS 25449",(118)540-4493
130,Kayla Knight,jacqueline21@gmail.com,Panama,Article,397.05,UPI,2025-01-19 14:20:29,"449 David Village Suite 498, Port Katherineville, WA 18014",001-046-163-2501
131,Austin Walker,zacharyharris@gmail.com,Eritrea,Size,289.03,Debit Card,2024-05-10 04:43:17,"21130 Ferguson Fall, Scotttown, VA 89828",001-510-390-1734
132,Abigail Hess,vberry@jordan.com,Montserrat,Far,98.49,Credit Card,2024-06-15 05:57:25,"222 Matthew Burgs Apt. 907, Tracyview, SD 23276",(549)507-1076
133,Crystal Gomez,cgonzalez@dawson.com,Wallis and Futuna,Early,491.68,PayPal,2025-06-30 14:46:32,"92914 Denise Causeway, Larsontown, NM 38821",001-901-427-9195x5605
134,Dustin Le,lynnolson@bullock-hammond.com,Cocos (Keeling) Islands,Cold,319.5,Net Banking,2024-06-25 14:28:14,"943 Flores Plains Apt. 127, Melanietown, NV 99069",816-636-6956
135,Gina Marks,curtisjames@wells.info,Saint Pierre and Miquelon,Anyone,226.49,PayPal,2025-06-10 15:37:27,"46912 Parrish Highway, West Tylerborough, WY 10534",001-661-669-6214x388
136,Andrew Caldwell,harrisonpeter@owens.com,Monaco,Race,192.97,UPI,2025-05-10 05:39:21,"9136 Edwards Port Apt. 215, Bakerfort, AL 40307",4287617475
137,James Gray,dalerivera@yahoo.com,Guadeloupe,As,53.73,Debit Card,2025-10-24 07:39:00,"434 Joshua Junction Suite 851, Jeffmouth, MA 60865",055.236.0085
138,David Richmond,suzanne10@calderon.net,Cook Islands,Ability,20.18,UPI,2025-04-09 21:51:58,"92326 Tami Village Apt. 372, East Frank, OH 09816",306.630.2506
139,Jennifer Johns,dennis62@juarez.com,Swaziland,Happen,149.73,Debit Card,2024-01-01 02:30:23,"8277 Tracy Glen, North Angelaburgh, ME 53452",7918677032
140,Susan Small,kevin96@miller.net,Syrian Arab Republic,Pull,152.09,Debit Card,2025-01-13 22:09:19,"61976 Lester Villages Suite 140, Huberchester, ND 06038",2610559420
141,Keith George,michelle06@rogers.net,Belgium,Beautiful,448.54,PayPal,2025-11-07 17:09:55,"005 Owens Gardens, New Davidport, WA 83539",829-184-6735x145
142,Ashley Johnson,hwatson@hubbard-lynn.com,Somalia,Appear,222.62,UPI,2024-08-01 20:56:24,"051 Stacey Drive Suite 893, South Ronald, IL 93769",001-679-638-3715x42555
143,Sherri Knapp,uwilson@yahoo.com,Philippines,Condition,322.29,Net Banking,2025-04-13 22:26:48,"92671 Joseph Keys Suite 561, East Sherry, WY 17171",+1-270-736-3206x6886
144,Victoria Cooper,carlosthomas@yahoo.com,Micronesia,Adult,106.13,PayPal,2024-06-26 02:06:03,"384 Lee Loaf, Mackenzieside, MS 72160",898-902-9012
145,Monica Lin,anthony34@anderson.info,Romania,Play,340.6,Debit Card,2025-03-26 19:21:04,"2738 Robinson Cape Suite 677, Jeffreytown, AR 37719",3650242003
146,Rebecca Hamilton,atkinsamanda@mcconnell.com,Liechtenstein,Cause,243.63,Net Banking,2025-08-03 01:10:55,"31668 Cheryl Light, Alexandratown, PA 30823",548.217.9388x99689
147,Kim Hernandez,taylor36@brown.com,Falkland Islands (Malvinas),Pull,26.3,PayPal,2024-07-25 15:01:38,"1567 Melody Tunnel Apt. 060, Kelliehaven, MA 78535",(513)741-1987x325
148,Lori Robinson,lambaaron@hotmail.com,Vietnam,Language,231.54,Debit Card,2025-04-20 04:51:46,"93305 Mullins Brook, West Keith, NC 04829",007-056-9301
149,Danny Copeland,oconnellmary@kane-stevenson.com,Sao Tome and Principe,Dinner,156.76,UPI,2025-07-19 21:40:42,"4592 Caitlyn Track Suite 322, West Eric, IA 41454",(129)345-1927x1936
150,David Pierce,heather70@lopez-brown.info,Guatemala,Program,372.63,Debit Card,2025-08-22 20:32:03,"67745 Brian Unions, Burnetthaven, WI 89488",001-234-266-8564
151,Barry Orozco,mcgeedan@sanchez.org,Philippines,About,158.67,UPI,2024-01-19 19:46:30,"334 Taylor Wells Suite 814, Hughesville, UT 49032",001-277-015-1310
152,Julia Daniels,melanie36@hotmail.com,Niger,Moment,142.38,UPI,2023-12-14 14:18:33,"47095 Lopez Locks Suite 434, East Elizabethland, VA 48825",227.255.4929
153,Michael Watson,dyoung@hotmail.com,Congo,Television,155.63,Debit Card,2025-08-19 19:20:37,"03602 Robin Mountain Apt. 361, Lisaborough, AK 76346",(265)003-4704
154,Sherri Young,brandylevine@martinez.com,Anguilla,Last,112.61,PayPal,2024-12-20 22:43:32,"292 James Isle Suite 937, Kellyton, RI 26388",001-200-168-0303x7218
155,April Lopez,amonroe@hotmail.com,Northern Mariana Islands,Away,380.61,Credit Card,2024-01-07 20:03:46,"Unit 1266 Box 6628, DPO AP 35108",(506)190-2477x3332
156,Monica Benson,david57@gmail.com,Bermuda,Positive,175.41,UPI,2024-09-07 13:07:44,"Unit 8607 Box 1034, DPO AE 02100",005.687.3774x518
157,Matthew Cole,derrickhoward@hernandez.com,Serbia,Arm,155.72,Debit Card,2024-08-11 02:22:24,"9267 Williams Mills Suite 274, Villegaston, MS 80231",738.895.7491x9646
158,Cameron Fitzpatrick,wilsongarrett@moss.org,Christmas Island,Plan,319.97,Debit Card,2025-03-28 06:20:37,"296 Brooks Lodge Apt. 665, East Michealside, AL 39917",5232828906
159,Cheryl Hudson,brian30@yahoo.com,Gibraltar,Point,172.21,UPI,2024-06-11 09:45:39,"2530 Chavez Mountains, Russellport, NV 26683",2517942376
160,Jeffrey Neal,afletcher@crawford.com,Bangladesh,Focus,362.81,UPI,2025-05-09 15:06:15,"50773 Benjamin Divide, Carsonburgh, SC 62799",+1-006-510-5268x594
161,Tammie Boyle,lbrown@gmail.com,France,Firm,425.43,Debit Card,2024-06-19 14:19:41,"135 Cook Mountains Apt. 774, Ponceberg, ME 60213",232-075-7781x544
162,Katherine Gay,lisa78@gmail.com,Kenya,Often,441.94,PayPal,2024-03-10 12:37:10,"485 Rachel Motorway Suite 700, Bishopberg, WI 05098",925-357-1668
163,Shannon Brown,theresaharper@hall.net,Iraq,Young,413.1,Net Banking,2024-07-03 22:52:52,"60436 Erik Island Apt. 704, East Martin, NJ 73302",272.784.1039x067
164,Jacob Green,xhill@yahoo.com,Tonga,Last,116.87,Credit Card,2025-01-20 19:09:30,"9135 Taylor Court, South Aprilshire, NJ 65371",1892303694
165,Nathan Christian,glennkyle@hotmail.com,Nepal,Writer,365.53,Credit Card,2024-09-04 03:26:41,"9858 Hall Rue Apt. 394, Allisonmouth, SC 24035",+1-210-921-4275
166,Stuart Anderson,stephanieparks@gmail.com,Djibouti,Common,247.0,Credit Card,2024-02-11 13:14:38,"44360 David Run Apt. 747, Samanthastad, AR 51379",607-090-7067x568
167,Robert Brown,kimberlyhill@hotmail.com,Anguilla,Practice,26.27,Credit Card,2025-06-03 05:29:06,"76604 Carlos Lodge, North Christianshire, NJ 73275",+1-690-310-7717x7528
168,Amy Harrison,scottmartinez@gmail.com,Kyrgyz Republic,Bill,347.98,Credit Card,2025-08-29 01:46:56,"55843 Mitchell Pine, Edwardshire, MA 82986",2513743018
169,Joseph Cook,wallacecharles@boyd.net,Bermuda,Close,333.89,Credit Card,2025-05-20 01:31:51,"5459 Miller Springs, West Brent, KY 87012",001-044-321-9592x58423
170,Timothy Price Jr.,glandry@rodriguez-allen.biz,Croatia,Front,25.39,Debit Card,2025-11-02 16:31:48,"668 Johnson Radial Suite 858, Pettyberg, PA 70420",451.389.4413x1161
171,Tiffany Smith,ashley37@hill-jacobs.biz,Cambodia,Maintain,437.97,PayPal,2024-12-19 05:04:32,"3450 Paula Knolls Suite 771, New Diane, AK 64722",783.001.7669x6157
172,Steven Blackwell,stephanie14@yahoo.com,Paraguay,Machine,126.09,Net Banking,2024-07-02 09:10:02,"2108 Destiny Cliffs, Taylorland, MO 54324",(255)315-5401
173,Mr. Daniel Contreras,kevinhurley@long.com,Canada,Marriage,466.54,UPI,2024-10-18 17:25:59,"2071 Taylor Corners, North Carlaport, RI 60230",+1-178-391-3213x2608
174,Jessica Hayden,hgordon@ferrell.com,Algeria,Recognize,297.52,Debit Card,2023-12-06 11:01:04,"7928 Kimberly Forks, Goodmanshire, WV 51507",+1-437-963-2513x55104
175,John Gomez,jthompson@richardson.com,Maldives,System,67.91,Net Banking,2024-12-11 10:14:07,"1396 Mitchell View, Cortezport, NJ 18926",922-057-0319x90801
176,Ryan Wallace,kmurray@yahoo.com,Qatar,Bad,384.79,Credit Card,2024-03-06 20:17:50,"219 Susan Oval, North Joelborough, WV 83661",526-029-8156
177,Kimberly Fleming,jason90@gmail.com,Netherlands,Air,329.92,Net Banking,2024-07-21 19:41:46,"2295 Mcdaniel Canyon Suite 030, Geraldchester, NY 20173",268.514.3071
178,Dale Lambert,zclay@hotmail.com,Mexico,Key,237.88,Debit Card,2024-06-09 05:34:15,"006 Emily Forge Apt. 656, North Susanport, ID 18904",2423981288
179,Amanda Mitchell,jessica90@gmail.com,Seychelles,Fly,147.63,UPI,2024-02-15 22:50:57,"44854 Victor Lock Suite 541, New Jessefort, NC 55377",681-815-0695x94074
180,David White,nelsonjillian@wade.com,Guyana,Everything,135.75,Debit Card,2025-04-21 01:09:03,"97887 Eric Station, East Carolineton, VA 22425",478-720-9022x1444
181,Larry Evans,brandonpeters@ward.com,Andorra,Control,82.05,PayPal,2025-07-25 19:36:43,"698 Walker Light Suite 034, Port George, DE 50693",+1-662-898-9488x049
182,John Ferguson,amanda91@hill.net,Mozambique,Act,460.19,PayPal,2025-04-09 03:50:52,"368 Alexa Prairie, Bradyton, PA 97210",110.260.0523
183,David Gray,peterslori@briggs.org,Mexico,Pretty,279.71,Credit Card,2025-08-15 07:23:25,"Unit 3132 Box 2306, DPO AE 94499",(991)278-7842
184,Stephen Crawford,nsmith@gmail.com,China,Night,93.84,Net Banking,2024-05-05 10:43:46,"14161 Laura Mountain, West Alexbury, SC 67972",(410)658-4658x18976
185,Judith Foster MD,sanderson@smith.net,Greenland,While,180.79,Net Banking,2025-10-04 00:50:09,"7038 Wilson Corner Apt. 123, North Suzanne, LA 40539",+1-553-969-4676x045
186,Nicholas Johnson DDS,abigail60@yahoo.com,Mayotte,Development,69.42,Debit Card,2024-04-22 17:40:00,"1526 Kenneth Mountain, West Rebecca, WA 11781",001-035-820-2835x50620
187,Matthew Mcdaniel,tchapman@brown.biz,Senegal,When,81.14,PayPal,2025-10-18 12:51:36,"PSC 4835, Box 1061, APO AE 23785",(576)363-6250x715
188,James Deleon,frances04@grant-brown.com,Guyana,Training,133.18,Debit Card,2024-11-27 17:50:06,"31380 Myers Prairie, West Toddton, TN 00551",+1-305-545-2277
189,James Yu,garciajulie@gmail.com,Indonesia,Realize,491.78,UPI,2024-04-11 17:01:23,"761 Barton Course Apt. 390, Port Jason, ME 22116",916.341.4321x636
190,Heidi Johnson DDS,jamesryan@banks.info,Bhutan,New,321.8,Debit Card,2025-11-06 20:52:59,"768 Brandon Isle, Sandraville, CA 36153",884-857-8687
191,Jacqueline Case,john53@yahoo.com,Rwanda,Ability,242.77,Net Banking,2024-04-10 22:50:38,"53978 Osborn Locks Apt. 065, Debraborough, MT 08822",163-664-9746x99884
192,Michael Reynolds,tracy10@hotmail.com,Brunei Darussalam,Even,33.38,PayPal,2025-08-02 05:49:07,"4731 Arthur Road Suite 274, New Johnfort, SD 61319",001-136-865-2086x27884
193,Stephen Williams,zbender@thompson.net,Sudan,Call,363.91,Net Banking,2024-05-28 13:21:26,"644 Dustin Port Suite 884, East Tina, AK 53341",605.746.8709
194,Beth Morris,erodriguez@huber-nguyen.com,Saint Kitts and Nevis,Practice,237.25,PayPal,2024-02-20 21:12:20,"7374 Amy Isle Suite 808, Port Meghan, MA 06322",+1-684-869-9091x22709
195,Raymond Young,jesse22@gardner.net,Italy,Protect,409.5,Debit Card,2024-10-04 02:41:12,"Unit 9555 Box 2415, DPO AE 68966",981-020-1983
196,Yesenia Edwards,myerswesley@hotmail.com,Netherlands,Sport,288.48,Debit Card,2025-07-28 18:53:58,"PSC 0397, Box 1629, APO AE 65843",4079193457
197,Lisa Simmons,micheal23@hotmail.com,Antigua and Barbuda,Well,166.12,UPI,2024-12-31 13:09:26,"945 Hayes Greens, North Joseph, OH 73890",001-414-961-2818x718
198,Richard Bailey,hughescarrie@hotmail.com,El Salvador,Relate,410.97,UPI,2025-05-09 13:12:20,"0352 Sarah Harbors Suite 767, Port Ronaldmouth, CT 97032",+1-187-123-9305x251
199,Jamie Joseph,williamsheather@yahoo.com,Saudi Arabia,Store,216.58,Debit Card,2024-04-13 22:01:14,"26101 Edward Street, East Hunter, LA 33564",(639)838-3797x69522
200,Andrea Mcdonald,williamscameron@hotmail.com,Venezuela,Economic,320.75,PayPal,2024-04-14 12:25:59,"2840 Regina Trace, New Ryanburgh, PA 45169",489-472-0413x14814
